,PC1,PC1,PC2,PC2,PC3,PC3,PC4,PC4
,mean,std,mean,std,mean,std,mean,std
Regime,,,,,,,,
0,-0.8559034524768696,0.8644694857889736,-1.2626837958873616,0.8248710194289229,-0.9392369568959603,0.6259934568600687,-0.009827266346490308,1.0425267056372425
1,1.9762551842960459,0.6609261668372073,0.3681810992490495,0.824256783114737,-0.16484962868331296,0.9082754584023852,0.031338722445720675,0.8424913576762317
2,-1.338085992131225,1.3513152355465907,0.0012388179353023995,0.8066402199978826,0.861916912928867,0.8339534482437164,-0.08616870479148982,0.7824305786754487
3,-4.564578732272701,0.8680657278334194,3.9814949818359184,1.921036901990887,-1.202129796688555,1.5447098228142457,0.65082041677199,1.7595403155198412
