,F-stat,p-value
Mkt-RF,2.9872223073692052,0.030958764636501178
SMB,1.2793487972357838,0.28097354021546855
HML,7.901272919271783,3.874312399545703e-05
RMW,0.18171999592699914,0.9087976357312082
CMA,4.280801034992497,0.005420073035661421
Mom,5.25934525688675,0.0014306862430679473
