,F-stat,p-value
Mkt-RF,2.2243817564223676,0.08472441639526074
SMB,0.8560726768671346,0.463932824179916
HML,5.921139141681726,0.0005793505374318539
RMW,0.14068079541563447,0.9355916746103599
CMA,1.4699158222617794,0.2221271170749505
Mom,2.561121480425009,0.054478081705620206
