Regime,Mkt-RF_mean,Mkt-RF_std,SMB_mean,SMB_std,HML_mean,HML_std,RMW_mean,RMW_std,CMA_mean,CMA_std,Mom_mean,Mom_std,Mkt-RF_Sharpe,SMB_Sharpe,HML_Sharpe,RMW_Sharpe,CMA_Sharpe,Mom_Sharpe,Mkt-RF_HitRatio,SMB_HitRatio,HML_HitRatio,RMW_HitRatio,CMA_HitRatio,Mom_HitRatio,Mkt-RF_Sortino,SMB_Sortino,HML_Sortino,RMW_Sortino,CMA_Sortino,Mom_Sortino
0,-0.036981132075471684,5.42297566704433,0.22132075471698115,4.150352383311612,0.19490566037735846,3.8554301212169184,0.7708490566037736,4.117106500796871,0.3865094339622641,2.9062864678561,1.386603773584906,6.240077973687502,-0.006819343169877694,0.05332577436241375,0.05055354506486008,0.18723077881385258,0.13299082462692785,0.22220936652262832,0.5094339622641509,0.5,0.4811320754716981,0.6132075471698113,0.4716981132075472,0.6698113207547169,-0.011194655800758294,0.08540510467789912,0.09531600150560389,0.22281442606920515,0.2608549955924224,0.2755405059108083
1,1.0390196078431373,3.590878108911091,0.01604575163398692,2.558390961650315,0.2572875816993464,2.8004277475922534,0.2226797385620915,1.8190056756140143,0.12071895424836603,1.8697925209963764,0.2768627450980392,3.225790023064521,0.28934972904391143,0.0062718137589246525,0.09187438666130796,0.12241838579581389,0.06456275383112411,0.08582788808895188,0.6797385620915033,0.4934640522875817,0.49019607843137253,0.5816993464052288,0.5032679738562091,0.5816993464052288,0.43534019339661106,0.011191879884635991,0.16146462465802985,0.1939141241403602,0.11023532106313713,0.10343445199962054
2,-0.6415384615384615,9.718812381282195,-0.07461538461538465,3.9223879108365765,-3.1923076923076925,5.371779894110445,0.5561538461538461,2.0105742896891363,-0.44846153846153847,1.5846652966996226,-3.0023076923076926,11.71919376766604,-0.06600996463045455,-0.019022948854507993,-0.5942737333314234,0.27661442255875834,-0.2830007948022512,-0.25618722173459063,0.6153846153846154,0.5384615384615384,0.3076923076923077,0.6153846153846154,0.38461538461538464,0.46153846153846156,-0.16122349739940545,-0.02980358498950744,-0.7358497825594974,0.7566718995290422,-0.4996052234562977,-0.26228258634821144
