,PC1,PC1,PC2,PC2,PC3,PC3,PC4,PC4,PC5,PC5
,mean,std,mean,std,mean,std,mean,std,mean,std
Regime,,,,,,,,,,
0,-4.736578684268505,0.7996260050609347,4.457011143171008,1.6499157747334972,-1.633633964756925,1.216113047579994,0.4196204127246135,1.7870731925968504,-0.5791950939069996,3.0228533012475642
1,1.9812961120517256,0.6707501551288126,0.43382185011968244,0.7703413203426881,-0.16035349946155264,0.9659792726154758,-0.004430473276437022,0.7848465889840438,0.09051838512338482,0.5911071004197876
2,-1.1834926075999335,1.234844996528911,-0.48890130594193254,1.0239164117187385,0.2134400140283094,1.1091179233736996,-0.05297830582649256,0.8718276767123984,-0.009070950141700082,0.8427869034842327
3,0.26030968283915,0.9325056585289515,-1.0013403638087497,0.7299094265200909,-1.2311776690931484,1.1342654461459833,1.7695437684210666,2.1387147584183537,-1.3498866037734136,0.49204674902675266
